#,Player,Team,GP,MPG,FGM,FGA,FG%,3:00 pm,3PA,3P%,FTM,FTA,FT%,TOV,PF,ORB,DRB,RPG,APG,SPG,BPG,PPG,ATT
1,Quincy Acy,SAC,11,10.2,0.9,1.9,0.476,0.2,0.4,0.5,0.3,0.5,0.5,0.4,1.3,0.6,1.2,1.8,0.5,0.3,0.2,2.3,0.21
2,Steven Adams,OKC,20,23.7,2.4,4.2,0.571,0,0,0,1.1,2,0.575,0.8,3,2.3,3.5,5.8,0.8,0.3,1.5,6,0.21
3,Jordan Adams,MEM,2,7.3,1,3,0.333,0,0.5,0,1.5,2.5,0.6,1,1,0,1,1,1.5,1.5,0,3.5,0.55
4,Giannis Antetokounmpo,MIL,20,32.9,6,11.8,0.504,0.5,1.5,0.3,3.6,4.2,0.847,2.4,3.8,1.2,5,6.2,2.6,0.9,1.1,15.9,0.41
5,Arron Afflalo,NYK,13,30.3,5.8,12.1,0.478,1.2,3.5,0.348,0.8,1.1,0.714,0.9,2.2,0.5,3.4,3.8,1.7,0.2,0.1,13.5,0.41
6,Alexis Ajinca,NOP,16,11.6,2.4,4.4,0.543,0,0,0,0.4,0.4,1,0.7,2.4,1.2,2.4,3.6,0.3,0.2,0.5,5.2,0.39
7,Cole Aldrich,LAC,5,3.4,0.4,0.6,0.667,0,0,0,0.2,0.4,0.5,0.4,0.6,0.2,0.8,1,0,0,0,1,0.23
8,LaMarcus Aldridge,SAS,19,29.8,6.1,13.8,0.441,0,0.4,0,2.7,3.4,0.8,1.5,2,2.6,6.2,8.8,1.4,0.3,1.3,14.9,0.51
9,Cliff Alexander,POR,6,5.1,0.8,1.7,0.5,0,0,0,0,0,0,0.2,0,0.3,0.7,1,0,0.2,0.3,1.7,0.33
10,Lavoy Allen,IND,18,20.9,2.2,5.3,0.411,0,0,0,0.4,0.7,0.538,1.1,2.1,1.9,3.8,5.7,1.2,0.3,0.5,4.7,0.27
11,Tony Allen,MEM,21,21.1,2.5,6.2,0.405,0.2,0.7,0.286,0.7,1.1,0.583,0.8,2.6,1.3,2.3,3.6,1,1.6,0.2,5.9,0.32
12,Al-Farouq Aminu,POR,21,31.2,3.9,10,0.384,1.5,4.3,0.341,2,2.8,0.741,2,2.4,1.2,5.8,7,2,0.7,0.8,11.2,0.36
13,Lou Amundson,NYK,10,8.8,0.9,2,0.45,0,0,0,0.5,1,0.5,0.2,1.8,0.7,1.3,2,0.3,0.2,0.3,2.3,0.28
14,Chris Andersen,MIA,3,5.6,0.7,0.7,1,0.3,0.3,1,0.3,0.7,0.5,0.7,0.3,0.3,1.3,1.7,0.3,0,0,2,0.18
15,Ryan Anderson,NOP,20,32.3,6.5,14.6,0.449,2.1,5.8,0.374,2.8,3.2,0.862,1.9,1.9,2.3,4.5,6.8,1.2,0.6,0.5,18.1,0.49
16,Kyle Anderson,SAS,21,11.3,0.9,2.5,0.365,0.1,0.3,0.429,0.6,0.9,0.632,0.4,0.9,0.2,2.1,2.3,0.9,0.6,0.4,2.5,0.25
17,Justin Anderson,DAL,16,6.4,0.9,2.1,0.424,0.2,1,0.25,0.2,0.5,0.5,0.5,0.4,0.1,1.1,1.2,0.2,0.1,0.1,2.2,0.36
18,James Anderson,SAC,13,9.2,0.7,2.6,0.265,0.5,1.6,0.333,0.6,0.7,0.889,0.8,0.6,0.2,0.7,0.8,0.4,0.3,0.1,2.5,0.31
19,Joel Anthony,DET,3,3.4,0.3,0.7,0.5,0,0,0,0.7,0.7,1,0.3,0,1,0.7,1.7,0.3,0.3,0.3,1.3,0.29
20,Carmelo Anthony,NYK,20,33.9,7.5,18.3,0.41,1.8,4.9,0.357,5,5.7,0.868,2.2,2.8,1.2,6,7.2,3.1,1,0.6,21.7,0.61
21,Trevor Ariza,HOU,21,35.9,4.1,11,0.378,2,6.3,0.326,1.7,2.4,0.72,1.8,2.6,0.8,4.8,5.6,1.8,2,0.3,12,0.33
22,Metta World Peace,LAL,16,17.4,1.6,4.9,0.329,0.9,2.3,0.378,0.9,1.3,0.714,0.5,1.9,0.6,2.1,2.6,0.9,0.7,0.5,5.1,0.31
23,Darrell Arthur,DEN,20,20.6,3.1,7,0.44,0.5,0.9,0.474,0.3,0.5,0.6,0.7,2.9,1.4,2.5,4,0.9,0.8,0.8,7,0.35
24,Omer Asik,NOP,13,15.1,0.5,1.5,0.316,0,0,0,1.1,1.8,0.583,1,1.9,0.9,3.5,4.4,0.2,0.3,0.3,2,0.15
25,D.J. Augustin,OKC,20,16.8,1.8,4.3,0.402,0.8,2,0.415,0.8,1.1,0.696,1.2,1.1,0.2,1.1,1.4,2.1,0.5,0.1,5.2,0.28
26,Luke Babbitt,NOP,14,19.3,1.8,4.6,0.385,1.1,3.2,0.333,0.6,0.8,0.727,0.4,2.4,0.3,3.4,3.6,0.7,0.1,0.2,5.2,0.26
27,Cameron Bairstow,CHI,2,4.9,0.5,2,0.25,0,1,0,0,0,0,0,1.5,0.5,1,1.5,0,0,0,1,0.41
28,Leandro Barbosa,GSW,19,14.9,2.6,5.9,0.442,0.9,2.1,0.462,0.3,0.5,0.667,0.9,1.7,0.5,1.2,1.6,1.6,0.9,0.2,6.5,0.41
29,J.J. Barea,DAL,16,19.8,3.2,8,0.406,0.6,2.5,0.25,1.4,1.8,0.821,1.8,1.7,0.6,1.5,2.1,4.1,0.3,0.1,8.6,0.44
30,Andrea Bargnani,BRK,17,13.1,2.5,6.1,0.413,0.1,0.5,0.25,0.8,0.8,0.929,0.7,1.6,0.6,1.1,1.7,0.1,0.1,0.2,5.9,0.49
31,Matt Barnes,MEM,21,24.1,2.8,7.5,0.373,1.1,4,0.274,1.2,1.6,0.788,0.7,3.1,0.8,3.3,4.1,1.5,1.1,0.5,8,0.34
32,Harrison Barnes,GSW,17,30.1,4.9,9.9,0.5,1.2,3.2,0.389,2.3,2.8,0.83,1.1,1.8,1.2,3.8,5,1.9,0.9,0.2,13.4,0.37
33,Will Barton,DEN,21,27.3,5,10.6,0.468,1.4,3.3,0.414,2.7,3,0.875,1.3,1.4,0.7,4.9,5.6,2,1,0.5,14,0.43
34,Brandon Bass,LAL,19,16.3,2.3,4.3,0.543,0,0.1,0,0.9,1.2,0.818,0.8,1.8,1.8,2.6,4.4,0.9,0.3,0.5,5.6,0.29
35,Nicolas Batum,CHA,19,35,5.6,12.9,0.431,2.3,5.7,0.404,3.7,4.3,0.864,3.2,1.6,1.2,5.4,6.6,4.5,1.2,0.6,17.2,0.42
36,Jerryd Bayless,MIL,19,31.3,4.1,9.5,0.425,2.2,4.9,0.436,1.4,1.9,0.75,1.8,2.3,0.3,2.6,2.9,3.7,1.3,0.2,11.7,0.33
37,Aron Baynes,DET,21,13.1,1.7,4,0.434,0,0,0,0.6,0.8,0.706,0.8,1.7,1.6,2.4,4,0.6,0.2,0.3,4,0.33
38,Kent Bazemore,ATL,17,27.5,4.4,9.2,0.474,1.4,3.4,0.421,1.6,1.9,0.848,1.5,2.4,0.2,3.9,4.1,2.1,1.6,0.5,11.8,0.36
39,Bradley Beal,WAS,15,36.1,7.4,16.6,0.446,2.3,5.6,0.417,2.9,3.7,0.768,2.8,2.5,1,3.8,4.8,3.2,1.2,0.3,20,0.50
40,Marco Belinelli,SAC,22,26.7,3.8,9.7,0.39,1.6,4.9,0.333,2.5,2.9,0.857,1.7,1.8,0.2,1.5,1.7,2.3,0.5,0,11.6,0.41
41,Anthony Bennett,TOR,7,6.2,0.1,1.3,0.111,0,0.7,0,1,1.1,0.875,0.6,0.9,0.4,1.3,1.7,0,0.4,0,1.3,0.28
42,Patrick Beverley,HOU,14,22.1,2.6,6.2,0.414,1.4,3.1,0.432,0.4,0.5,0.857,1.1,3.3,0.4,2.2,2.6,1.9,1.2,0.5,6.9,0.29
43,Bismack Biyombo,TOR,21,20.7,1.5,3.3,0.464,0,0,0,1.4,2,0.69,1,2.8,2.2,5,7.2,0.2,0.1,1.1,4.4,0.20
44,Nemanja Bjelica,MIN,15,25.2,2.4,5.3,0.456,1.3,3.3,0.38,0.7,1.3,0.55,0.8,3.1,0.9,4.9,5.8,1.9,0.5,0.4,6.8,0.23
45,Tarik Black,LAL,8,11.4,1.5,3,0.5,0,0,0,0.8,1.5,0.5,0.6,2.6,0.9,3.5,4.4,0.1,0.1,0.2,3.8,0.32
46,DeJuan Blair,WAS,8,9.2,0.9,2.4,0.368,0,0,0,0.2,0.9,0.286,1,2.6,1.5,1.4,2.9,0.6,0.4,0,2,0.30
47,Steve Blake,DET,17,15.3,1.3,4.1,0.314,0.6,2.6,0.25,0.1,0.1,1,1.7,0.7,0.2,1.3,1.5,3.2,0.6,0.1,3.3,0.27
48,Eric Bledsoe,PHX,20,35.4,7.8,16.9,0.459,1.8,4.6,0.391,4.9,6.2,0.797,3.8,2.6,0.7,3.4,4,6.5,1.9,0.6,22.2,0.55
49,Bojan Bogdanovic,BRK,20,23.5,3.3,7.7,0.431,0.8,2.8,0.286,0.7,1,0.7,1.2,1.1,0.3,3,3.4,0.7,0.7,0,8.1,0.35
50,Andrew Bogut,GSW,15,19.6,2.8,4.1,0.677,0,0,0,0.4,0.9,0.429,1.1,3.1,1.7,4.6,6.3,2.4,0.4,1.7,6,0.23
51,Matt Bonner,SAS,6,2.7,0.3,1,0.333,0.2,0.5,0.333,0.2,0.3,0.5,0.3,0.2,0.2,0.7,0.8,0.2,0.3,0,1,0.42
52,Trevor Booker,UTA,17,20.6,1.8,5.4,0.337,0.1,0.5,0.111,0.6,0.8,0.846,1,2.5,2.4,3.6,5.9,0.8,1,0.7,4.4,0.28
53,Devin Booker,PHX,17,12.9,2.1,3.9,0.522,0.8,1.1,0.684,0.7,0.9,0.75,0.5,1.4,0.1,1.1,1.2,0.4,0.4,0.2,5.6,0.33
54,Chris Bosh,MIA,18,33,5.9,13.3,0.444,1.5,4.1,0.365,4.1,5.1,0.804,1.1,1.4,0.9,7.9,8.8,2.1,0.8,1.1,17.4,0.47
55,Avery Bradley,BOS,18,30.5,6.3,13.4,0.471,2.6,5.8,0.442,1.2,1.6,0.759,1.7,2.2,0.5,2,2.5,2,1.8,0.3,16.4,0.46
56,Corey Brewer,HOU,21,21.2,2.2,7.2,0.311,0.6,2.8,0.22,1.7,2.2,0.766,0.9,2.3,0.5,1.9,2.4,1.3,1,0.1,6.8,0.38
57,Aaron Brooks,CHI,11,15,3.1,7.3,0.425,1.1,3.1,0.353,0.6,0.8,0.778,0.8,2,0.5,1.8,2.4,2.4,0.3,0.3,7.9,0.51
58,Markel Brown,BRK,10,12.2,1.1,3.6,0.306,0.4,1.9,0.211,0.4,0.6,0.667,0.5,1.1,0,0.9,0.9,1.2,0.4,0.1,3,0.32
59,Anthony Brown,LAL,3,3,0.3,0.7,0.5,0.3,0.7,0.5,0.7,0.7,1,0,0,0,0,0,0,0.3,0,1.7,0.33
60,Kobe Bryant,LAL,17,31.3,5.3,17.9,0.296,1.7,7.8,0.218,3.6,4.5,0.816,2.2,2.1,0.5,3.4,3.9,3.2,1.1,0.2,15.9,0.63
61,Chase Budinger,IND,19,16.9,1.7,4.1,0.416,0.8,1.9,0.417,0.6,0.8,0.688,0.7,1.1,0.5,1.8,2.3,1.1,0.4,0.3,4.7,0.26
62,Reggie Bullock,DET,11,6.3,0.1,1.5,0.059,0.1,0.8,0.111,0.3,0.3,1,0.2,0.4,0.3,0.4,0.6,0.2,0.1,0,0.5,0.26
63,Trey Burke,UTA,18,22.9,4.2,9.7,0.437,1.5,3.6,0.415,0.9,1.3,0.696,1.6,1.6,0.3,1.9,2.2,2.6,0.8,0,10.8,0.45
64,Alec Burks,UTA,18,28.5,5.2,12.3,0.421,1.2,2.9,0.404,3.8,4.8,0.802,1.9,2.7,0.6,3.3,3.9,2.2,0.7,0.2,15.3,0.50
65,Rasual Butler,SAS,17,9,0.9,2.5,0.357,0.3,1.3,0.227,0.2,0.2,0.75,0.2,0.1,0,1.3,1.3,0.6,0.4,0.6,2.2,0.29
66,Jimmy Butler,CHI,17,37.2,6.6,14.6,0.45,1.4,3.8,0.375,5.9,7.2,0.82,1.9,2.2,1.1,4.2,5.3,3.4,1.9,0.8,20.5,0.47
67,Caron Butler,SAC,8,10,1.1,2.9,0.391,0.1,1,0.125,0.1,0.2,0.5,0.2,0.6,0.4,0.8,1.1,0.2,0.6,0,2.5,0.30
68,Jose Calderon,NYK,21,26.9,2.9,6.3,0.451,1.1,3,0.381,0.7,0.8,0.882,1.1,1.6,0.2,2.3,2.6,3.8,1,0,7.6,0.25
69,Kentavious Caldwell-Pope,DET,21,37,4.8,12,0.397,1.3,4.3,0.297,2.3,2.8,0.828,1.2,2,0.9,2.3,3.2,1.8,1.5,0.1,13.1,0.36
70,Isaiah Canaan,PHI,21,26.6,3.6,10.1,0.354,2.6,7,0.377,1.9,2.3,0.833,1.6,1.7,0.3,2.1,2.4,2,0.9,0.3,11.7,0.42
71,DeMarre Carroll,TOR,18,34.2,4.5,11.7,0.386,1.8,4.8,0.368,1.4,2.3,0.634,1.5,2.8,1.2,3.8,5,1.3,1.9,0.2,12.2,0.37
72,Vince Carter,MEM,10,13.4,1.3,3.9,0.333,0.7,2.4,0.292,0.4,0.5,0.8,0.7,2.3,0.5,2.1,2.6,0.5,0.5,0.3,3.7,0.31
73,Michael Carter-Williams,MIL,16,28,3.9,9.1,0.425,0.3,1.2,0.263,1.9,2.7,0.721,3.1,2.7,0.7,3.1,3.8,4.9,1.1,0.8,10,0.37
74,Omri Casspi,SAC,21,27,4.3,8.7,0.497,1.5,3.4,0.431,1.1,2,0.558,1.7,2.6,0.9,5,5.9,1.3,0.8,0.2,11.3,0.35
75,Willie Cauley-Stein,SAC,20,18.9,1.9,3.2,0.609,0,0,0,0.9,1.8,0.514,0.7,2.5,1.8,3.4,5.2,0.3,0.6,1.1,4.8,0.21
76,Mario Chalmers,MEM,18,19.6,2.4,6.5,0.376,0.6,2.3,0.262,3.9,4.4,0.887,1.6,2.9,0.4,2,2.4,2.9,1.4,0.1,9.4,0.43
77,Tyson Chandler,PHX,15,24.1,1.7,3.7,0.464,0,0.1,0,1.5,2.3,0.676,1.2,2.3,2.6,6.2,8.8,0.4,0.8,0.7,5,0.19
78,Ian Clark,GSW,18,6.6,1.2,2.7,0.458,0.6,1.2,0.5,0.5,0.6,0.9,0.6,0.8,0.3,0.7,1,0.9,0.2,0.2,3.6,0.45
79,Jordan Clarkson,LAL,20,31.9,6.1,13.1,0.466,1.4,3.4,0.433,1.7,2.1,0.791,1.8,1.9,0.9,2.5,3.5,2.2,1.1,0.2,15.3,0.44
80,Norris Cole,NOP,3,20.9,2.3,9.7,0.241,0.7,4.3,0.154,1.3,2.3,0.571,1,3,0,1.7,1.7,2.3,0,0,6.7,0.51
81,Nick Collison,OKC,16,13.5,1.2,2.4,0.487,0,0.1,0,0.4,0.4,1,1.2,2.2,1.2,2.1,3.2,1.1,0.4,0.4,2.8,0.19
82,Darren Collison,SAC,17,28.4,4.6,10.9,0.425,1.2,3.3,0.375,2.8,3.2,0.873,1.8,1.7,0.4,1.4,1.8,4.1,1,0.1,13.4,0.43
83,Mike Conley,MEM,21,32,5.3,12.7,0.416,1.4,4,0.361,3.4,3.9,0.866,1.8,1.9,0.5,2.2,2.7,6.2,1.1,0.3,15.4,0.45
84,Pat Connaughton,POR,6,1.9,0.2,0.7,0.25,0.2,0.2,1,0.3,0.3,1,0.2,0,0.2,0,0.2,0,0,0,0.8,0.43
85,Chris Copeland,MIL,15,7.8,0.9,2.6,0.359,0.5,1.6,0.292,0.3,0.3,0.8,0.3,0.8,0.1,0.5,0.5,0.6,0.1,0,2.6,0.35
86,Bruno Caboclo,TOR,1,1.2,0,1,0,0,0,0,0,0,0,0,0,0,0,0,0,0,0,0,0.83
87,DeMarcus Cousins,SAC,14,32.5,8.1,19.8,0.408,1.4,4.4,0.311,7.7,10.1,0.761,3.1,3.7,2.4,8.1,10.5,2.7,0.8,1.4,25.2,0.74
88,Robert Covington,PHI,12,29.9,4.4,11.3,0.39,2.3,7,0.333,2.9,3.7,0.795,3.7,4,0.8,5.3,6.2,2.1,2.9,0.9,14.1,0.43
89,Allen Crabbe,POR,21,23.4,3.6,7.3,0.494,1.2,2.7,0.446,0.8,0.9,0.889,0.9,2.5,0.2,1.8,2,1,0.6,0.1,9.2,0.33
90,Jamal Crawford,LAC,20,26.2,4.2,11.4,0.368,1.2,4.2,0.298,3.6,3.9,0.923,1.6,1.8,0.2,1.7,1.9,2.3,0.6,0.1,13.2,0.50
91,Jae Crowder,BOS,20,30.3,3.9,9,0.433,1.4,4,0.358,2.6,3,0.852,1.8,2.1,1.2,3.4,4.6,2.1,2.2,0.3,11.8,0.34
92,Jared Cunningham,CLE,17,12.3,1.1,3.4,0.328,0.4,1.2,0.35,1,1.5,0.654,0.7,1.3,0.1,0.9,1,0.8,0.5,0.1,3.6,0.33
93,Dante Cunningham,NOP,20,22,2.1,4.5,0.478,0.5,1.6,0.312,0.2,0.5,0.5,0.6,2,0.9,3.4,4.3,0.7,0.5,0.3,5,0.21
94,Stephen Curry,GSW,22,34.3,10.7,20.2,0.532,5.3,11.2,0.472,5.6,6.2,0.912,3.6,1.8,0.5,4.4,4.9,5.8,2.2,0.1,32.4,0.66
95,Seth Curry,SAC,10,9,1.6,2.5,0.64,0.9,1.3,0.692,0.6,0.8,0.75,0.4,0.5,0,0.5,0.5,0.9,0.1,0,4.7,0.32
96,Troy Daniels,CHA,6,4.2,0.5,1.8,0.273,0.5,1.2,0.429,0.5,0.7,0.75,0.2,0.2,0,0.7,0.7,0.2,0.2,0,2,0.50
97,Ed Davis,POR,21,22.5,2.9,4.4,0.663,0,0,0,1.5,2.9,0.533,1,2.8,3,4.8,7.8,1.3,0.7,0.8,7.3,0.25
98,Anthony Davis,NOP,17,35.7,8.7,17.7,0.492,0.7,1.9,0.375,6.1,8.2,0.743,2.3,2.7,1.9,9.1,10.9,1.6,1.4,2.6,24.2,0.59
99,Dewayne Dedmon,ORL,14,15.3,1.6,3.4,0.489,0,0,0,1.1,1.6,0.696,0.7,2.8,1.3,3.1,4.4,0.1,0.6,1.3,4.4,0.27
100,Sam Dekker,HOU,3,2,0,0,0,0,0,0,0,0,0,0,0,0,0.3,0.3,0,0.3,0,0,0.00
#,Player,Team,GP,MPG,FGM,FGA,FG%,3:00 pm,3PA,3P%,FTM,FTA,FT%,TOV,PF,ORB,DRB,RPG,APG,SPG,BPG,PPG,#VALUE!
101,Matt Dellavedova,CLE,19,28,3,6.9,0.432,1.2,2.8,0.426,0.9,1,0.895,1.5,2.3,0.4,1.9,2.3,5.5,0.7,0.2,8.1,0.26
102,Luol Deng,MIA,13,28.6,3.9,8.8,0.447,1.2,3.8,0.327,1.2,2,0.615,0.8,1.5,1,2.8,3.8,1.4,0.9,0.5,10.3,0.34
103,DeMar DeRozan,TOR,21,36.3,7.1,16.9,0.424,0.4,1.5,0.25,6.9,8.3,0.828,2.3,2,0.7,3.5,4.2,4.2,0.9,0.3,21.5,0.56
104,Boris Diaw,SAS,21,18.6,2.4,5,0.486,0.4,0.9,0.444,0.5,0.9,0.611,1.1,1.3,0.9,2.4,3.2,2.7,0.3,0.2,5.8,0.29
105,Gorgui Dieng,MIN,19,21.3,3.1,5.7,0.537,0,0,0,1.9,2.2,0.902,1.6,2.3,1.7,4.2,5.8,0.7,1.2,1,8.1,0.31
106,Spencer Dinwiddie,DET,7,14.8,2,4.9,0.412,0.1,1,0.143,1.6,2.7,0.579,0.7,2.3,0,1.3,1.3,1.7,0.3,0,5.7,0.41
107,Toney Douglas,NOP,16,16.3,2.6,5.8,0.441,1,2.4,0.41,1.2,1.3,0.952,1.1,2.2,0.4,0.9,1.4,1.8,0.9,0,7.4,0.39
108,Goran Dragic,MIA,18,31.2,4.4,9.9,0.444,0.8,2.5,0.311,1.6,2.2,0.725,2.2,2.5,0.7,2.6,3.3,4.7,0.9,0.2,11.2,0.35
109,Andre Drummond,DET,21,34.9,7.9,14.9,0.527,0,0,0,2.8,7.4,0.374,2.2,3,5.6,11.3,16.9,0.8,1.9,1.5,18.5,0.52
110,Jared Dudley,WAS,17,25.1,2.3,5.2,0.443,1.2,2.8,0.426,1.2,1.5,0.84,1.1,1.6,0.4,3,3.4,1.3,0.6,0.3,7,0.23
111,Tim Duncan,SAS,20,27.4,4,7.5,0.53,0,0.1,0,1.8,2.3,0.783,1.9,2.6,2.1,6.8,8.9,3,0.8,1.8,9.7,0.31
112,Kevin Durant,OKC,14,35.4,9.5,18.4,0.516,2.7,6.2,0.437,5.9,6.6,0.882,3.2,1.3,0.2,7.5,7.7,3.6,0.9,1.5,27.6,0.60
113,Cleanthony Early,NYK,7,3.9,0.4,0.9,0.5,0.1,0.6,0.25,0,0,0,0,0.3,0,0.3,0.3,0.1,0.1,0.1,1,0.23
114,Wayne Ellington,BRK,19,13.7,1.6,4.5,0.36,0.5,1.9,0.27,0.3,0.4,0.714,0.4,0.6,0.2,1.3,1.4,0.6,0.6,0.1,4.1,0.34
115,Monta Ellis,IND,19,32.3,4.7,11.2,0.418,0.5,2.3,0.227,1.8,2.4,0.739,2.6,2.2,0.5,2.7,3.3,4.8,1.6,0.5,11.7,0.38
116,James Ennis,MEM,6,2.8,0,0.3,0,0,0.3,0,0.5,0.7,0.75,0,0.2,0.2,0.3,0.5,0.3,0.3,0.2,0.5,0.21
117,Tyreke Evans,NOP,3,32.9,4.7,11.3,0.412,0.7,2.7,0.25,4.7,5.7,0.824,2.7,1.7,1,5,6,9.3,0.3,0.7,14.7,0.42
118,Jeremy Evans,DAL,15,8.9,0.9,1.2,0.722,0.2,0.3,0.6,0.5,0.6,0.778,0.3,0.7,0.5,1.5,2,0.1,0.1,0.3,2.4,0.16
119,Festus Ezeli,GSW,22,19.7,3.2,5.7,0.563,0,0,0,1.9,3.5,0.539,0.8,2.7,2.5,4.1,6.5,1,0.3,1.5,8.3,0.36
120,Kenneth Faried,DEN,17,25.8,5.3,8.9,0.596,0,0,0,1.7,3.1,0.558,1.9,2.4,3.2,5.5,8.7,1.2,0.6,0.9,12.3,0.40
121,Derrick Favors,UTA,17,32.2,7.2,13,0.552,0,0.1,0,3.1,4.5,0.697,1.5,2.1,2.9,6,8.9,1.6,1.9,1.2,17.5,0.46
122,Cristiano Felicio,CHI,2,1.8,0.5,0.5,1,0,0,0,0,0,0,0,0,0,0,0,0.5,0,0,1,0.28
123,Raymond Felton,DAL,21,27,3.3,8.5,0.391,0.7,2.4,0.294,1.3,1.7,0.8,1.8,2.1,0.4,2.7,3,3,1,0.1,8.7,0.34
124,Evan Fournier,ORL,20,33.1,5.9,13.1,0.452,2.1,5.5,0.391,2.3,2.9,0.807,1.6,3,0.4,3.2,3.6,2.4,1.2,0.1,16.2,0.43
125,Randy Foye,DEN,21,20.8,1.9,6.2,0.298,0.7,3.4,0.197,0.9,1,0.905,1.2,1.4,0.4,1.4,1.9,1.8,0.5,0.2,5.3,0.32
126,Tim Frazier,POR,11,3.2,0.2,0.5,0.4,0,0.1,0,0,0,0,0.5,0.6,0.1,0.5,0.6,0.6,0.2,0,0.4,0.16
127,Jimmer Fredette,NOP,4,3.1,0.2,1,0.25,0,0.2,0,0,0,0,0.2,0.2,0,0,0,0,0.2,0,0.5,0.32
128,Channing Frye,ORL,15,15.6,1.9,4.6,0.42,1.5,3.4,0.431,0.3,0.4,0.833,0.5,1.6,0.7,2.6,3.3,0.5,0.5,0.3,5.7,0.31
129,Danilo Gallinari,DEN,21,34.5,5,12.9,0.391,1.7,4.7,0.364,5.9,6.6,0.899,1.4,2,1.4,5,6.5,2.4,0.5,0.6,17.7,0.45
130,Langston Galloway,NYK,21,25.3,2.9,7.5,0.382,1.4,3.3,0.42,1.4,1.9,0.744,0.6,2.3,0.7,3.1,3.8,2.1,1.1,0.1,8.5,0.33
131,Kevin Garnett,MIN,17,16.1,1.4,3.1,0.442,0,0,0,0.3,0.6,0.5,0.6,1.6,0.4,4.8,5.2,1.7,0.8,0.4,3,0.21
132,Pau Gasol,CHI,17,29.3,6.1,13.9,0.436,0,0.4,0,2.2,3.1,0.731,1.4,2,2.1,8.8,10.8,2.5,0.6,2.1,14.4,0.52
133,Marc Gasol,MEM,21,34.8,5.8,12.4,0.469,0.1,0.1,0.667,4.6,5.4,0.858,2.6,2.7,1.3,6.3,7.6,3.8,0.6,1.2,16.3,0.42
134,Rudy Gay,SAC,20,32.2,7.3,16.1,0.457,1,2.9,0.351,2.7,3.2,0.844,1.9,2.6,1.8,5,6.7,2,1.1,0.1,18.4,0.54
135,Alonzo Gee,NOP,20,21.7,1.6,3.4,0.471,0.1,0.8,0.125,0.3,0.3,0.857,1.1,2.8,0.7,2.4,3.1,0.9,1,0.2,3.6,0.16
136,Paul George,IND,19,36.3,8.9,19.7,0.452,3.4,7.4,0.454,6.5,7.7,0.837,3.5,2.7,1.3,6.9,8.2,4.2,1.6,0.2,27.6,0.63
137,Taj Gibson,CHI,17,21.1,2.7,5.6,0.484,0,0.1,0,1.1,1.8,0.633,1.1,2.6,1.8,3.7,5.5,1.3,0.5,0.9,6.5,0.30
138,Manu Ginobili,SAS,17,20.7,4,8.7,0.459,1.3,3.7,0.349,1.6,2.2,0.757,1.8,1.2,0.5,2.7,3.2,3.3,1.1,0.1,10.9,0.46
139,Rudy Gobert,UTA,14,34.2,3.4,6,0.56,0,0,0,2.5,4.1,0.614,2.4,2.9,3.5,7.4,10.9,1.6,0.9,2.5,9.2,0.23
140,Drew Gooden,WAS,6,12.8,1,4.2,0.24,0.3,1.7,0.2,0.3,0.3,1,0.5,1,1.8,2.7,4.5,0.5,0.5,0.7,2.7,0.34
141,Archie Goodwin,PHX,11,11.6,1.5,3.1,0.471,0.2,0.6,0.286,1.7,2.8,0.613,0.9,0.5,0.2,1.8,2,0.6,0.2,0.1,4.8,0.37
142,Eric Gordon,NOP,20,34.4,5.8,14,0.411,2.5,7.2,0.354,2.9,3.4,0.866,1.6,2.2,0.3,1.9,2.2,3,0.9,0.2,16.9,0.45
143,Aaron Gordon,ORL,20,19,2.9,6.2,0.468,0.4,1.5,0.267,1.5,2.2,0.667,0.9,2.4,1.9,3,4.8,1.1,0.7,1.1,7.7,0.37
144,Marcin Gortat,WAS,16,28.9,4.8,9.3,0.51,0,0,0,2.5,3.3,0.755,2.2,2.6,2.5,6.2,8.7,1.6,0.7,1.1,12,0.37
145,Jerian Grant,NYK,21,18.3,2,5.1,0.398,0.2,1,0.182,1.8,2.1,0.822,1.4,1.7,0.2,1.9,2.1,2.8,0.5,0,6,0.33
146,Jerami Grant,PHI,21,27.4,3.6,8.6,0.422,0.4,2.3,0.188,2.6,3.6,0.711,1.1,3,1.3,3.5,4.9,1.3,0.9,1.9,10.2,0.37
147,Jeff Green,MEM,21,27,3.6,9,0.404,0.6,2,0.31,2.4,2.7,0.895,1.2,2.1,0.8,3.3,4.1,1.6,0.6,0.3,10.3,0.38
148,JaMychal Green,MEM,21,17.7,2.4,5.1,0.467,0.3,0.6,0.5,1.4,1.6,0.853,1.3,2.7,1.5,3.5,5,0.6,0.5,0.4,6.4,0.33
149,Gerald Green,MIA,12,23.8,3.4,9.8,0.35,1.3,4.8,0.281,1.8,2.3,0.786,1,2.7,0.4,2.3,2.8,0.7,0.2,0.3,10,0.45
150,Erick Green,DEN,3,2.5,0,0.3,0,0,0.3,0,0,0,0,0,0,0,0.3,0.3,0.3,0,0,0,0.12
151,Draymond Green,GSW,22,33.9,4.7,10.1,0.468,1.4,3.6,0.388,2.4,3.4,0.707,2.8,3,1.5,6.9,8.4,7.1,0.9,1.4,13.3,0.34
152,Danny Green,SAS,21,28.3,2.6,8,0.321,1.4,4.7,0.293,0.7,0.8,0.824,1.4,1.7,0.6,3.5,4.1,2.1,0.7,0.6,7.2,0.29
153,Blake Griffin,LAC,20,34.3,9.8,18.6,0.528,0.2,0.5,0.4,5,6.8,0.728,2.4,3,1.9,6.6,8.5,5,0.7,0.6,24.9,0.63
154,P.J. Hairston,CHA,16,16.8,1.3,4.2,0.309,0.7,2.9,0.234,0.6,0.7,0.909,0.4,1.8,0.1,2,2.1,0.7,0.2,0.2,3.9,0.27
155,Tyler Hansbrough,CHA,7,5.5,1.1,1.9,0.615,0.1,0.1,1,0.9,1.1,0.75,0.3,0.7,0.7,0.6,1.3,0.4,0.4,0.4,3.3,0.43
156,Tim Hardaway Jr.,ATL,4,11.1,0.8,3.2,0.231,0.5,2,0.25,0.5,0.5,1,0.2,0.5,0.2,1,1.2,0.5,0,0.2,2.5,0.31
157,James Harden,HOU,21,39.2,8.3,20.7,0.401,2.6,8.6,0.304,10.1,11.7,0.869,4.6,2.5,1,5.6,6.5,6.8,1.8,0.9,29.3,0.65
158,Maurice Harkless,POR,21,19.5,2.3,5,0.462,0.6,1.8,0.324,0.9,1.5,0.594,1.2,1.4,1.4,2.6,4,1,0.5,0.4,6,0.29
159,Montrezl Harrell,HOU,15,10.3,1.5,2.4,0.639,0,0,0,0.7,1.3,0.526,0.5,1.5,0.8,1.1,1.9,0.2,0.3,0.3,3.7,0.29
160,Tobias Harris,ORL,20,32.7,5.3,11.8,0.453,0.9,2.9,0.333,3,3.7,0.824,1.8,2,2.2,5.5,7.7,2,0.8,0.7,14.7,0.41
161,Joe Harris,CLE,5,3,0.2,0.8,0.25,0.2,0.8,0.25,0,0,0,0.2,0.2,0,0.6,0.6,0.4,0,0,0.6,0.27
162,Gary Harris,DEN,16,26.5,3.8,7.8,0.492,1.3,3,0.438,0.9,1.1,0.778,1.4,1.8,0.6,2,2.6,1.9,1.1,0.2,9.8,0.31
163,Devin Harris,DAL,20,21.3,2.8,6.2,0.452,0.5,2.1,0.214,1.6,2.5,0.66,1.1,2.2,0.3,2,2.4,1.9,1,0.3,7.7,0.34
164,Aaron Harrison,CHA,2,4.4,0.5,0.5,1,0,0,0,0,1,0,0,0,0,1,1,0,0,0,1,0.21
165,Udonis Haslem,MIA,6,7.8,1,2.2,0.462,0.2,0.3,0.5,0,0,0,0.3,0.7,0,2,2,0.5,0.3,0,2.2,0.28
166,Spencer Hawes,CHA,18,16.8,2.2,5.1,0.424,0.6,1.8,0.344,0.9,1.2,0.762,1.1,2.1,0.7,3.1,3.8,2.1,0.2,0.2,5.8,0.33
167,Chuck Hayes,HOU,2,11.9,0.5,1,0.5,0,0,0,1,1,1,1.5,3,0,4,4,1,0,0,2,0.12
168,Gordon Hayward,UTA,18,35.6,6.2,14.4,0.427,1.7,4.4,0.375,4.6,5.7,0.806,2.6,2.4,0.9,3.9,4.8,3.1,1.1,0.2,18.6,0.47
169,Gerald Henderson,POR,13,15,2.3,5.8,0.395,0.6,1.7,0.364,1.4,2,0.692,0.8,0.8,0.1,2.1,2.2,0.5,0.4,0.1,6.6,0.44
170,John Henson,MIL,17,15.2,2.5,4.6,0.551,0,0,0,1.5,2.5,0.595,1.3,2.4,2,2.1,4.1,0.7,0.4,1.4,6.5,0.37
171,Mario Hezonja,ORL,18,11.8,1.3,3.4,0.371,0.6,1.7,0.367,0.6,0.6,0.909,1.1,1.1,0.3,1.1,1.4,0.6,0.2,0.1,3.7,0.31
172,Roy Hibbert,LAL,20,26.9,2.3,5,0.46,0,0.1,0,3.1,3.7,0.851,1.6,3,2,4.6,6.7,1.7,0.4,2,7.8,0.24
173,J.J. Hickson,DEN,16,16.5,3.1,5.9,0.532,0,0,0,1.5,3.2,0.471,0.7,1.9,1.1,3.4,4.4,1,0.6,0.7,7.8,0.44
174,Maybyner Nene,WAS,12,17.4,2.9,5.2,0.556,0,0.1,0,1.8,3.2,0.553,1,3.1,0.6,4.3,4.9,1.8,0.7,0.1,7.6,0.38
175,Solomon Hill,IND,7,6.3,0.7,1.7,0.417,0.1,0.7,0.2,0,0,0,0.4,0.1,0.1,1.1,1.3,0.6,0.3,0,1.6,0.27
176,Jordan Hill,IND,17,23.4,3.8,8.5,0.444,0,0.1,0,1.8,2.4,0.75,1.3,2.5,3.2,4.9,8.1,1.3,0.8,0.3,9.3,0.41
177,George Hill,IND,16,35.5,4.3,10.6,0.408,1.9,4.6,0.419,2.2,2.9,0.745,1.9,2.4,0.6,3.4,4,3.7,1.5,0.3,12.8,0.33
178,Darrun Hilliard,DET,3,7.4,1.3,5,0.267,0.7,2.3,0.286,0.7,0.7,1,0.7,0.7,1,0.7,1.7,0,0,0,4,0.72
179,Kirk Hinrich,CHI,8,18.3,2.8,5.5,0.5,1.1,1.9,0.6,1.2,1.4,0.909,0.8,2.2,0.1,1.1,1.2,2.1,0.8,0,7.9,0.33
180,Justin Holiday,ATL,14,13.5,1.5,3.9,0.382,0.7,2.4,0.303,0.1,0.1,0.5,0.6,0.9,0.2,1.1,1.4,0.6,0.6,0.3,3.8,0.29
181,Jrue Holiday,NOP,15,21.9,4,9.7,0.411,0.9,2.6,0.333,2.3,2.9,0.795,2.5,2.4,0.1,1.7,1.9,4.5,0.7,0.3,11.2,0.50
182,Ryan Hollins,WAS,3,9.4,0.3,1,0.333,0,0,0,0,0,0,1,1,1,1,2,0,0,0,0.7,0.11
183,Richaun Holmes,PHI,11,14.4,2.1,3.7,0.561,0.2,0.9,0.2,1.2,1.8,0.65,0.5,1.8,1.5,0.9,2.5,0.4,0.1,1,5.5,0.31
184,Rodney Hood,UTA,17,29.3,4.4,10.6,0.409,1.2,4.5,0.276,2.1,2.4,0.878,1.6,3.5,0.4,2,2.4,2.9,1.1,0.3,12.1,0.40
185,Al Horford,ATL,22,31.4,6.5,13.1,0.491,1.2,3.3,0.361,1.7,2,0.844,1.4,1.7,2.4,5,7.4,2.9,0.6,1.5,15.8,0.44
186,Dwight Howard,HOU,15,33.2,5.1,8.7,0.588,0,0,0,3.2,5.7,0.565,2.7,3.6,4.2,8.5,12.7,1.7,0.8,1.9,13.5,0.33
187,Kris Humphries,WAS,16,17.6,2.2,5.8,0.38,1,2.8,0.364,0.9,0.9,1,0.8,1.4,1.1,3.4,4.5,0.7,0.1,0.6,6.2,0.35
188,R.J. Hunter,BOS,14,10.8,1.2,3.3,0.37,0.6,2.1,0.267,0.1,0.1,1,0.4,1.4,0.1,1.4,1.4,0.4,0.4,0.1,3.1,0.31
189,Serge Ibaka,OKC,20,32.1,5.8,12,0.483,0.5,1.2,0.36,0.8,1.2,0.68,1.2,3,2.2,5,7.2,0.9,0.4,2.5,12.9,0.39
190,Andre Iguodala,GSW,22,27.3,3.2,6.1,0.522,1.2,2.7,0.441,0.5,0.8,0.556,1.1,1.8,1.2,3.5,4.6,3.6,1.3,0.3,8,0.24
191,Ersan Ilyasova,DET,21,25.3,3.6,8.1,0.444,1.5,3.7,0.41,1.6,2,0.791,1.2,2.3,1.5,2.2,3.7,1,0.4,0.3,10.4,0.35
192,Joe Ingles,UTA,18,12.3,1.4,2.8,0.5,0.8,1.7,0.467,0.1,0.1,1,0.6,1.2,0.1,1.5,1.6,0.8,0.4,0.1,3.7,0.23
193,Damien Inglis,MIL,5,7.1,0.4,1.6,0.25,0.2,1,0.2,0.6,0.8,0.75,0.6,1,0.2,1.4,1.6,0.4,0.4,0,1.6,0.27
194,Jarrett Jack,BRK,19,31.5,4.7,11.8,0.397,1.1,3,0.351,2.9,3.4,0.875,2.9,2.6,0.2,4.1,4.2,6.7,0.8,0.2,13.4,0.42
195,Reggie Jackson,DET,21,31.2,7.2,16.5,0.438,1.6,4.4,0.37,4,4.6,0.856,3.2,2,0.6,3.5,4.1,6.6,1.1,0.1,20,0.59
196,LeBron James,CLE,19,36.9,9.7,19.9,0.489,1.2,4.1,0.282,5.5,7.8,0.709,3.5,2,1.5,6.3,7.8,6.5,1.3,0.6,26.2,0.63
197,Rondae Hollis-Jefferson,BRK,19,22,2.1,4.3,0.481,0.1,0.3,0.2,1.1,1.6,0.667,1.1,2.2,1.7,4.4,6.1,1.4,1.4,0.4,5.2,0.23
198,Richard Jefferson,CLE,20,23.5,2.6,6.2,0.427,0.9,2.9,0.316,0.9,1.7,0.559,0.8,2.2,0.2,1.4,1.6,1.1,0.7,0.2,7.2,0.29
199,Cory Jefferson,PHX,2,4.5,1,2.5,0.4,0,0,0,0,1,0,0,1.5,0.5,1.5,2,0,0,0,2,0.65
200,Al Jefferson,CHA,17,26.2,6.2,12.4,0.5,0,0,0,1.4,2.2,0.605,0.7,2.3,1.3,5.1,6.4,1.8,0.8,1.1,13.7,0.51
#,Player,Team,GP,MPG,FGM,FGA,FG%,3:00 pm,3PA,3P%,FTM,FTA,FT%,TOV,PF,ORB,DRB,RPG,APG,SPG,BPG,PPG,#VALUE!
201,John Jenkins,DAL,9,10.2,1.6,3.7,0.424,0.2,1.2,0.182,0.4,0.4,1,0.7,0.7,0.2,1,1.2,0.6,0.1,0,3.8,0.38
202,Jonas Jerebko,BOS,20,13.9,1.1,3.1,0.349,0.1,0.7,0.231,0.8,0.8,0.882,0.8,1.6,1.1,2,3.1,1,0.3,0.2,3.1,0.25
203,Wesley Johnson,LAC,20,14.9,2,4,0.506,1,2.5,0.408,0.3,0.6,0.636,0.4,1.8,0.2,1.6,1.9,0.3,0.5,0.3,5.5,0.29
204,Tyler Johnson,MIA,17,21.1,3.4,6.2,0.538,0.8,1.7,0.483,1.7,2.2,0.784,1.1,1.6,0.8,1.7,2.5,1.8,0.8,0.4,9.2,0.34
205,Stanley Johnson,DET,21,21.6,3.2,8.7,0.374,0.9,2.8,0.305,1.1,1.5,0.742,1.3,2.4,1,2.9,3.9,1.2,0.7,0.1,8.4,0.43
206,Joe Johnson,BRK,20,34.6,3.9,11.2,0.35,1.1,4,0.278,2,2.4,0.854,2.1,1.9,0.7,3.9,4.5,3.8,0.8,0.1,10.9,0.35
207,James Johnson,TOR,16,11.8,1.4,2.4,0.59,0.1,0.4,0.333,0.6,1,0.562,1,0.9,0.4,1.6,2.1,0.9,0.4,0.4,3.6,0.24
208,Chris Johnson,UTA,14,5,0.4,1.4,0.3,0.3,0.7,0.4,0.1,0.3,0.5,0.2,0.6,0.1,0.6,0.7,0.3,0.1,0.1,1.3,0.31
209,Amir Johnson,BOS,20,23.6,3.2,5.9,0.542,0.3,1,0.3,1,1.7,0.588,1.5,2.6,1.9,4.2,6,1.7,0.8,1.1,7.7,0.28
210,Nikola Jokic,DEN,19,16.7,3.1,5.7,0.546,0.2,0.4,0.429,1.4,1.9,0.703,1,1.7,1.8,3.2,5,0.7,0.7,0.5,7.7,0.39
211,Tyus Jones,MIN,2,6.8,0,2.5,0,0,0.5,0,0.5,1,0.5,0,0.5,0,0.5,0.5,0.5,0.5,0,0.5,0.43
212,Terrence Jones,HOU,16,25.9,4.4,9.4,0.464,0.8,1.9,0.387,1.9,3.1,0.62,1.3,2.1,2,3.4,5.4,1.1,0.4,1,11.4,0.41
213,James Jones,CLE,20,9.3,1,2.9,0.345,0.9,2.4,0.383,0.5,0.6,0.75,0.2,1.2,0.2,0.8,1,0.4,0.2,0.2,3.4,0.34
214,DeAndre Jordan,LAC,20,32.1,3.8,5.7,0.673,0,0,0,3,8.2,0.372,1.1,3.2,3.5,9.7,13.2,1,0.6,2.5,10.7,0.28
215,Cory Joseph,TOR,21,26.1,3.7,7.3,0.503,0.3,1.1,0.292,1.8,2.4,0.76,1.1,1.6,0.5,2.1,2.7,3,0.8,0.3,9.5,0.32
216,Chris Kaman,POR,3,15.7,1.7,5,0.333,0,0,0,0,0,0,1,1.7,0.7,2,2.7,1.3,0,0,3.3,0.32
217,Frank Kaminsky,CHA,18,15,1.8,4.5,0.407,0.7,1.6,0.414,0.5,0.7,0.692,0.3,1.2,0.5,1.7,2.2,0.9,0.3,0.4,4.8,0.32
218,Enes Kanter,OKC,20,20.8,4.7,8.3,0.563,0.1,0.1,1,2.5,3.2,0.769,1.3,2.4,3.1,5.1,8.2,0.7,0.1,0.4,11.9,0.46
219,Sergey Karasev,BRK,9,7.1,0.2,1.1,0.2,0.1,0.7,0.167,0.4,0.4,1,0.2,0.3,0,0.6,0.6,0.1,0.1,0,1,0.18
220,Sasha Kaun,CLE,5,3.7,0.2,0.4,0.5,0,0,0,0.4,0.4,1,0.4,1,0.8,0.2,1,0.2,0.2,0.2,0.8,0.15
221,Ryan Kelly,LAL,7,13.2,1.3,3.4,0.375,0.1,1.3,0.111,1,1.4,0.7,0.6,0.7,0.1,3.4,3.6,0.9,0.6,0.7,3.7,0.30
222,Brandon Knight,PHX,21,36.1,7.8,17.7,0.441,2.7,6.8,0.392,3.1,3.9,0.805,3.1,2,0.9,3.5,4.4,5.3,1.4,0.4,21.4,0.54
223,Kyle Korver,ATL,20,31.7,4,8.1,0.491,1.9,4.6,0.424,0.7,0.8,0.812,1.5,1.9,0.1,4,4,2,0.8,0.3,10.5,0.27
224,Kosta Koufos,SAC,22,23.4,3.8,7.2,0.532,0,0,0,1.2,1.9,0.619,0.7,3.1,3,4,7,0.3,0.9,1.1,8.8,0.34
225,Jeremy Lamb,CHA,18,24.4,5.1,10.1,0.505,1.3,3.8,0.353,1.1,1.6,0.69,0.9,1.4,0.7,4.1,4.8,1.4,0.4,0.5,12.7,0.44
226,Shane Larkin,BRK,20,19.3,3.1,6.5,0.481,0.8,1.6,0.485,0.6,0.8,0.647,1.4,1.5,0.2,1.9,2.2,3.5,1.4,0.2,7.7,0.35
227,Joffrey Lauvergne,DEN,8,17.4,3.1,6.8,0.463,0.5,0.9,0.571,1.5,1.6,0.923,0.5,2.1,1.5,4.2,5.8,1.4,0.2,0.4,8.2,0.43
228,Zach LaVine,MIN,19,25.1,5.2,11.9,0.432,1.4,3.8,0.356,2.6,2.8,0.926,2.2,2.4,0.6,3,3.6,3.8,0.6,0.1,14.3,0.52
229,Ty Lawson,HOU,20,27.5,2.5,7,0.35,0.7,2.2,0.318,1.6,2.5,0.673,2.2,1.4,0.7,1.6,2.2,4.3,1,0.1,7.2,0.29
230,David Lee,BOS,19,15.4,2.6,5.1,0.51,0,0,0,1.5,1.9,0.757,1.4,2,1.4,2.6,4,1.7,0.4,0.3,6.6,0.38
231,Courtney Lee,MEM,21,27.9,3.6,8.7,0.412,0.6,2.6,0.241,1.6,1.8,0.919,1,1.5,0.5,2.3,2.8,1.4,1.1,0.3,9.4,0.34
232,Alex Len,PHX,21,16.8,2.3,4.6,0.5,0,0,0,1.4,2,0.714,1.4,1.9,1.8,3.7,5.4,0.4,0.6,0.9,6,0.32
233,Meyers Leonard,POR,14,25.5,3.8,8.4,0.449,1.2,4.2,0.288,0.9,1,0.929,0.8,3.3,0.6,3.8,4.4,1.5,0.3,0.4,9.7,0.35
234,Kawhi Leonard,SAS,20,34.1,8.2,16.2,0.505,2,4.1,0.5,3.1,3.6,0.863,1.4,2.1,1.4,6.2,7.5,2.6,1.9,1.1,21.6,0.52
235,Jon Leuer,PHX,21,18.6,2.9,6.3,0.462,1,2,0.465,0.8,1.2,0.68,0.8,2,0.9,4.3,5.2,1.3,0.5,0.4,7.6,0.37
236,Damian Lillard,POR,21,36.6,8.3,19.9,0.417,2.9,7.7,0.37,4.8,5.4,0.885,3.5,2.6,0.7,3.8,4.4,7,1,0.3,24.2,0.61
237,Jeremy Lin,CHA,19,22.7,3.4,8.3,0.405,0.8,2.8,0.296,2.8,3.5,0.803,1.7,2.1,0.5,2.3,2.7,2.8,0.9,0.5,10.4,0.43
238,Shaun Livingston,GSW,20,20,2.1,4.5,0.483,0.1,0.3,0.143,0.8,0.8,0.938,0.8,1.8,0.6,1.4,2,2.5,0.4,0.2,5.1,0.24
239,Robin Lopez,NYK,21,24.5,3,6.7,0.447,0,0,0,1.2,1.4,0.862,1.9,2.5,2.4,3.4,5.9,2,0.2,1.2,7.2,0.30
240,Brook Lopez,BRK,20,34.1,8,16.6,0.477,0,0.1,0,4.2,5.2,0.806,2.1,3.1,2.9,5.2,8.1,1.8,0.7,2.1,20.1,0.55
241,Kevin Love,CLE,20,33.7,6.3,14.4,0.436,2.4,6.5,0.369,3.2,3.8,0.855,2.4,2.1,2.8,8.6,11.3,2.2,0.6,0.5,18.2,0.47
242,Kyle Lowry,TOR,21,35.6,6.7,15.7,0.426,3,7.2,0.417,5.6,6.4,0.874,3,3.3,0.8,4.1,4.9,6.2,2.7,0.6,22,0.52
243,Trey Lyles,UTA,16,8.9,0.9,2.6,0.357,0.1,0.4,0.167,0.2,0.4,0.429,0.4,0.9,0.8,1.5,2.2,0.2,0.1,0.1,2.1,0.31
244,Shelvin Mack,ATL,8,9.3,1.5,3.8,0.4,0.2,1,0.25,0.4,0.4,1,0.6,0.4,0.1,1.2,1.4,2.1,0.6,0,3.6,0.43
245,Ian Mahinmi,IND,18,24.6,3.3,6,0.546,0,0,0,1.2,2.8,0.44,1.2,3.4,2.3,4.8,7.1,1.4,1,1.4,7.8,0.29
246,Devyn Marble,ORL,5,2.4,0.2,1,0.2,0,0.4,0,0,0.2,0,0.2,0.4,0,0.2,0.2,0,0.2,0,0.4,0.45
247,Boban Marjanovic,SAS,10,3.8,0.6,1.4,0.429,0,0,0,0.6,1,0.6,0.4,0.8,0.8,0.7,1.5,0.2,0,0.1,1.8,0.48
248,Kevin Martin,MIN,18,25.3,3.4,9.7,0.354,0.8,2.5,0.311,4.2,4.8,0.872,1.1,1.8,0.2,2.3,2.5,1.2,0.4,0,11.8,0.46
249,Wesley Matthews,DAL,19,30.9,4,11.1,0.362,2.4,7.1,0.343,2,2.4,0.844,1.1,2.3,0.5,2.5,3.1,1.9,0.9,0.2,12.4,0.39
250,O.J. Mayo,MIL,10,27.9,3.5,8.6,0.407,1.2,4.5,0.267,0.7,0.9,0.778,1.3,3.3,0.3,3.2,3.5,2.8,1,0,8.9,0.32
251,Luc Mbah a Moute,LAC,17,8.4,0.6,1.5,0.44,0.2,0.4,0.429,0.2,0.2,0.75,0.1,1,0.6,0.6,1.2,0.2,0.2,0.2,1.6,0.19
252,James McAdoo,GSW,16,4.8,0.8,1.5,0.5,0,0,0,0.5,1.2,0.421,0.4,0.8,0.4,0.6,1,0.3,0.2,0.1,2,0.42
253,Ray McCallum,SAS,10,4.3,0.5,1.1,0.455,0,0.1,0,0,0,0,0.3,0.3,0,0.7,0.7,0.2,0.2,0,1,0.26
254,C.J. McCollum,POR,21,35.1,7.4,17.3,0.427,2.2,5.6,0.39,2.5,2.8,0.881,2.2,2.5,0.6,3,3.6,3.7,1,0.3,19.4,0.53
255,T.J. McConnell,PHI,21,27.3,3.2,6.6,0.493,0.5,1.5,0.323,0.1,0.2,0.4,2.5,2,0.6,4.2,4.8,6,1.4,0.3,7,0.24
256,K.J. McDaniels,HOU,7,5.2,0.4,2.1,0.2,0.1,0.9,0.167,0.3,0.6,0.5,0.4,0.9,0.4,0.7,1.1,0.1,0.1,0.3,1.3,0.45
257,Doug McDermott,CHI,17,21.9,3.6,7.6,0.481,1.6,3.4,0.474,0.5,0.6,0.8,0.6,1.3,0.4,1.8,2.1,0.7,0.1,0.1,9.4,0.36
258,Mitch McGary,OKC,6,5.6,0.5,1,0.5,0,0,0,0.5,1,0.5,0.8,0.8,0.5,1,1.5,0.3,0,0.2,1.5,0.25
259,JaVale McGee,DAL,5,9,2.4,4.2,0.571,0,0,0,0.4,1.2,0.333,0.8,1.6,1.4,2.2,3.6,0,0,0,5.2,0.52
260,Tyler Ennis,MIL,9,13.2,1.4,3.8,0.382,0.2,0.8,0.286,0.7,0.9,0.75,1,1.2,0.3,1.3,1.7,1.2,0.2,0.1,3.8,0.32
261,Ben McLemore,SAC,22,21.6,2.9,6.6,0.438,1,2.4,0.404,1.2,1.5,0.812,1.5,2.1,0.5,1.8,2.3,1.2,0.9,0.1,8,0.33
262,Josh McRoberts,MIA,18,16.3,1.1,2.9,0.385,0.2,1.1,0.15,0.8,1.1,0.737,0.9,1.7,0.8,2.3,3.1,1.9,0.5,0.2,3.2,0.21
263,Jodie Meeks,DET,2,8.5,0.5,2.5,0.2,0,0,0,0,0,0,0.5,1,0.5,0.5,1,0,0,0,1,0.29
264,Salah Mejri,DAL,5,3.9,0,0.2,0,0,0,0,0,0,0,0.2,0.6,0.2,0.8,1,0,0.2,0.4,0,0.05
265,Jordan Mickey,BOS,2,2.6,0.5,1,0.5,0,0,0,1.5,1.5,1,0,0.5,1,0.5,1.5,0.5,0,0.5,2.5,0.63
266,Khris Middleton,MIL,21,33.5,4.7,11.9,0.398,2.1,4.4,0.473,2.8,3.2,0.881,1.3,2.9,0.3,2.9,3.2,3,1.1,0.1,14.3,0.40
267,C.J. Miles,IND,16,28.6,5,11.4,0.44,3.1,7.2,0.435,2.4,3.1,0.796,1.4,2.6,0.4,2.1,2.5,1.3,1.2,0.3,15.6,0.44
268,Mike Miller,DEN,16,7.9,0.8,1.6,0.52,0.7,1.4,0.5,0,0,0,0.3,1,0,1.1,1.1,0.8,0.3,0.1,2.3,0.20
269,Andre Miller,MIN,9,15.4,2.3,3.8,0.618,0.1,0.2,0.5,1,1.1,0.9,1.4,2.1,0.4,1,1.4,3.4,0.9,0,5.8,0.28
270,Patty Mills,SAS,21,21.4,3.3,7.5,0.446,1.5,4,0.386,0,0.1,0.5,1,1.3,0.2,1.8,2,2.1,1.1,0.1,8.2,0.35
271,Paul Millsap,ATL,22,33.7,6.2,13.2,0.469,0.9,3,0.308,5,6.2,0.796,2.5,2.8,2.8,6.7,9.5,3.5,2,1.2,18.2,0.47
272,Elijah Millsap,UTA,9,6.6,0.3,1.3,0.25,0.1,0.3,0.333,0.8,1.1,0.7,0.3,1.7,0.2,0.9,1.1,0.6,0.3,0.1,1.6,0.27
273,Nikola Mirotic,CHI,17,24.6,3.7,9.6,0.384,1.7,5,0.341,2.6,3.2,0.8,2,2.3,1.2,5.1,6.3,1.5,0.8,0.2,11.7,0.44
274,Greg Monroe,MIL,21,31,6.6,13,0.507,0,0,0,2.5,3.4,0.736,1.7,2.4,3,6.9,9.8,2.3,1.2,1,15.8,0.47
275,Luis Montero,POR,2,3,0.5,1,0.5,0.5,0.5,1,0,0,0,0.5,0,0,0.5,0.5,0,0,0,1.5,0.33
276,E'Twaun Moore,CHI,17,17.4,2.2,4.8,0.463,0.5,1.1,0.421,0.3,0.6,0.455,0.6,1.2,0.1,1.6,1.7,1.1,0.5,0.1,5.2,0.29
277,Eric Moreland,SAC,5,4.9,0.4,0.6,0.667,0,0,0,0,0.4,0,0,0.4,0.2,1,1.2,0,0,0.8,0.8,0.16
278,Markieff Morris,PHX,17,26.2,5,12.8,0.39,0.7,2.5,0.279,1.4,1.9,0.727,2.3,2.9,1.2,4.1,5.3,1.8,0.7,0.5,12.1,0.52
279,Marcus Morris,DET,21,36.7,5.1,12.7,0.401,1,3.7,0.282,3.2,4.3,0.756,1.6,2,1.6,4.6,6.1,2.1,1.3,0.2,14.5,0.40
280,Anthony Morrow,OKC,19,16.2,2,5.3,0.376,1.2,3.2,0.383,0.3,0.3,0.833,0.4,0.8,0.2,0.9,1.1,0.4,0.6,0.1,5.5,0.33
281,Donatas Motiejunas,HOU,1,6.2,0,4,0,0,1,0,0,0,0,2,1,1,0,1,0,0,0,0,0.65
282,Timofey Mozgov,CLE,17,19.6,2.6,5.5,0.479,0.1,0.2,0.25,1.8,2.2,0.789,1.5,2,1.4,2.9,4.3,0.5,0.5,0.8,7.1,0.33
283,Emmanuel Mudiay,DEN,21,30.2,4.2,13.5,0.311,0.9,3.3,0.257,2,3,0.672,4,2.2,0.8,2.9,3.6,6,1,0.7,11.3,0.49
284,Shabazz Muhammad,MIN,19,17.1,2.9,6.3,0.467,0.4,1.5,0.286,1.4,1.8,0.771,0.9,1.6,0.6,1.6,2.3,0.3,0.1,0.1,7.7,0.41
285,Mike Muscala,ATL,16,14,1.6,3.6,0.456,0.5,1.3,0.381,0.8,1,0.812,0.8,1.2,0.5,1.9,2.4,0.6,0.4,0.8,4.6,0.29
286,"Larry Nance, Jr.",LAL,15,16.6,1.7,3.5,0.5,0.1,0.1,0.5,0.5,0.6,0.778,0.7,1.3,1.1,2.4,3.5,0.6,0.4,0.1,4,0.23
287,Shabazz Napier,ORL,19,12.8,1.5,4.2,0.362,0.6,1.9,0.324,0.7,1,0.737,0.9,0.8,0.2,0.8,1.1,2.1,0.4,0.1,4.4,0.36
288,Clint Capela,HOU,21,19.4,3.4,5.6,0.615,0,0,0,1.2,2.4,0.5,0.8,2.2,2.5,4.1,6.6,0.6,1,1.3,8,0.34
289,Gary Neal,WAS,16,20.6,3.9,8.1,0.481,1.1,2.6,0.439,1.1,1.2,0.947,1,1.1,0.2,2,2.2,0.9,0.4,0,10,0.42
290,Jameer Nelson,DEN,19,23.8,2.6,7.4,0.355,0.8,3.3,0.258,0.5,0.7,0.769,1.6,2.6,0.3,2,2.3,4.1,0.5,0,6.6,0.32
291,Raulzinho Neto,UTA,18,17.5,1.8,5.1,0.363,0.7,1.9,0.371,0.3,0.5,0.667,1.2,1.8,0.2,1.2,1.4,2.3,1.1,0.1,4.7,0.30
292,Andrew Nicholson,ORL,11,19.3,3.2,7.2,0.443,1.2,2.6,0.448,0.5,0.6,0.857,0.7,1.1,1,3.5,4.5,0.4,0.2,0.5,8.1,0.39
293,Joakim Noah,CHI,16,21.5,1.4,3.8,0.367,0,0,0,0.6,1.4,0.435,1.9,2.8,2.6,5.9,8.4,3.2,0.5,1,3.4,0.20
294,Nerlens Noel,PHI,17,31.4,4.2,9.9,0.423,0,0,0,2,3.4,0.596,3.1,2.5,1.9,6.1,8.1,1.2,1.4,0.9,10.4,0.36
295,Steve Novak,OKC,1,1.1,1,1,1,1,1,1,0,0,0,0,0,0,1,1,0,0,0,3,0.91
296,Dirk Nowitzki,DAL,20,30,6.5,12.9,0.502,1.5,3.5,0.435,3,3.4,0.896,0.9,1.9,0.7,6.5,7.2,1.9,0.7,0.6,17.5,0.48
297,Johnny O'Bryant,MIL,19,15.7,1.5,3.3,0.452,0,0,0,0.8,1.2,0.727,0.6,1.6,1.1,2.1,3.2,0.8,0.2,0.2,3.8,0.24
298,Kyle O'Quinn,NYK,17,12.3,1.7,4.1,0.42,0,0.4,0,0.8,1.1,0.722,0.9,1.9,1.5,2.5,4.1,1,0.5,0.9,4.2,0.37
299,Jahlil Okafor,PHI,19,32.8,7.3,15.9,0.46,0,0.1,0,2.6,3.8,0.671,2.9,2.8,2.4,5.6,8.1,1.3,0.3,1.6,17.2,0.53
300,Victor Oladipo,ORL,18,30.7,5.4,13.8,0.395,1.1,4.1,0.27,2.7,3.4,0.803,1.6,2.2,0.7,5.4,6.1,3.9,1.2,0.8,14.7,0.50
#,Player,Team,GP,MPG,FGM,FGA,FG%,3:00 pm,3PA,3P%,FTM,FTA,FT%,TOV,PF,ORB,DRB,RPG,APG,SPG,BPG,PPG,#VALUE!
301,Kelly Olynyk,BOS,19,17.2,2.8,6.8,0.415,1.1,2.9,0.357,0.8,1.1,0.714,1.3,2.3,1.1,2.6,3.7,1.5,1.1,0.6,7.5,0.42
302,"Kelly Oubre, Jr.",WAS,13,6.7,0.9,2.7,0.343,0.2,1.1,0.214,0.6,1,0.615,0.2,1.2,0,1.2,1.2,0.2,0,0,2.7,0.47
303,Zaza Pachulia,DAL,21,28.6,3.3,6.8,0.486,0,0,0,4.2,5.5,0.774,2.1,2.6,3.1,7,10,2,0.9,0.5,10.8,0.32
304,Kostas Papanikolaou,DEN,14,6.4,0.6,1.6,0.409,0.1,0.7,0.2,0.2,0.3,0.75,0.4,0.5,0.3,0.8,1.1,0.2,0.2,0.1,1.6,0.27
305,Tony Parker,SAS,21,27.4,5.5,9.6,0.569,0.2,0.4,0.5,2,2.7,0.768,1.9,1.8,0.2,2,2.2,5,0.8,0.1,13.2,0.39
306,Jabari Parker,MIL,15,23.9,4.1,8.5,0.484,0,0.1,0,1.7,2,0.867,0.7,1.5,1.2,2.9,4.1,0.9,0.7,0.4,10,0.39
307,Chandler Parsons,DAL,14,19.8,3.4,7.4,0.462,0.8,2.6,0.306,0.4,1.2,0.353,1.3,1.5,0.4,2.4,2.8,1.4,0.4,0.4,8.1,0.40
308,Patrick Patterson,TOR,21,21.3,2.1,5.7,0.37,1.2,3.7,0.333,0.1,0.2,0.75,1,1.2,1,3.4,4.4,1,0.7,0.2,5.6,0.27
309,Lamar Patterson,ATL,16,14.5,0.9,2.7,0.326,0.5,1.9,0.258,0.8,1.2,0.684,0.8,1.9,0.2,1.6,1.8,1.5,0.3,0.1,3.1,0.22
310,Chris Paul,LAC,15,31.3,5.9,12.9,0.459,1.1,3.3,0.34,4,4.6,0.87,2.5,2.4,0.5,3.1,3.5,8.3,1.7,0,17,0.47
311,Cameron Payne,OKC,9,4.1,0.4,1.7,0.267,0.2,0.8,0.286,0,0,0,0.4,0.7,0,0.7,0.7,0.8,0.1,0,1.1,0.41
312,Adreian Payne,MIN,13,11.5,1.6,3.5,0.467,0.4,0.8,0.5,0.4,0.5,0.833,1.1,2.3,0.6,2.4,3,0.5,0.3,0.2,4,0.32
313,Elfrid Payton,ORL,20,32.2,4.5,11.7,0.391,0.5,1.4,0.333,1.9,2.6,0.698,2.5,2.5,1.2,3,4.2,6.5,1.4,0.2,11.4,0.40
314,Kendrick Perkins,NOP,3,9.3,2.7,3.3,0.8,0,0,0,0,0,0,0,0.7,0.3,2.3,2.7,0.7,0,0,5.3,0.35
315,Paul Pierce,LAC,19,18.7,1.4,4.6,0.307,0.8,3.2,0.25,0.9,1.1,0.85,0.7,1.6,0.2,2.6,2.8,1,0.5,0.2,4.5,0.27
316,Tibor Pleiss,UTA,4,3.3,0.5,1,0.5,0,0,0,0,0,0,0.2,1,0,0.2,0.2,0,0,0.2,1,0.30
317,Miles Plumlee,MIL,15,6.3,0.8,1.5,0.545,0,0,0,0.1,0.1,1,0.6,0.9,0.5,0.8,1.3,0.2,0.1,0.4,1.7,0.24
318,Mason Plumlee,POR,21,27.5,3.7,6.7,0.55,0,0,0,2.3,4.1,0.563,1.9,3.1,2.6,5.9,8.5,2.4,1.1,1,9.7,0.31
319,Otto Porter,WAS,18,32.6,4.4,10,0.444,0.9,3.6,0.25,1.8,2.1,0.868,1.6,2.4,1.3,3.8,5.1,2.1,1.4,0.4,11.6,0.33
320,Bobby Portis,CHI,3,7.4,2.3,4.3,0.538,0,0.3,0,0,0,0,0.7,0.7,0.3,0.7,1,0.3,0.3,0.3,4.7,0.58
321,Kristaps Porzingis,NYK,21,27.7,5.1,11.6,0.44,1,2.7,0.351,2.9,3.4,0.845,1.9,3.2,2.5,6.7,9.2,1,0.7,1.9,14,0.47
322,Norman Powell,TOR,8,6.8,0.6,2.8,0.227,0,0.4,0,0,0,0,0.4,0.6,0.4,0.8,1.1,0.1,0.4,0,1.2,0.41
323,Dwight Powell,DAL,20,19.8,3.5,6.5,0.527,0,0.2,0,1.9,2.8,0.673,0.9,2.3,1.6,4.9,6.5,1.1,0.7,0.8,8.8,0.39
324,Phil Pressey,PHI,14,12.1,1.5,3.9,0.382,0.3,0.9,0.308,0.6,1.3,0.5,1.4,1,0,1.6,1.6,3.3,0.8,0.1,3.9,0.37
325,Ronnie Price,PHX,19,12.6,1.1,2.9,0.382,0.7,2.1,0.325,0.3,0.4,0.857,0.7,1.9,0.2,0.6,0.8,1.8,0.8,0.2,3.2,0.24
326,Pablo Prigioni,LAC,7,12.9,0.4,2.9,0.15,0.3,2,0.143,0.3,0.3,1,0.6,1,0.4,0.7,1.1,1.6,0.9,0,1.4,0.23
327,Tayshaun Prince,MIN,19,19.8,1.2,3,0.404,0.1,0.3,0.2,0.3,0.6,0.545,0.4,0.8,0.4,1.7,2.2,0.7,0.3,0.1,2.8,0.16
328,Julius Randle,LAL,20,28.4,4.5,10.5,0.433,0,0.2,0,2.5,3.8,0.68,1.7,2.9,1.9,7.3,9.2,1.9,0.9,0.6,11.7,0.43
329,Zach Randolph,MEM,16,30.5,5.8,13.1,0.443,0,0.1,0,2.4,2.8,0.844,1.9,2,3,5.5,8.5,1.6,0.7,0.1,14,0.47
330,J.J. Redick,LAC,16,26,4.8,9.9,0.478,2,4.4,0.457,1.9,2.2,0.861,1.3,2.3,0.2,0.9,1.1,1.4,0.6,0.1,13.4,0.42
331,Willie Reed,BRK,2,10.3,2.5,3.5,0.714,0,0,0,1,3,0.333,0.5,1,1.5,2,3.5,0,0,1,6,0.46
332,Josh Richardson,MIA,8,8.8,0.5,1.4,0.364,0.4,0.8,0.5,0.2,0.5,0.5,0.4,1.1,0.1,0.9,1,0.4,0.1,0,1.6,0.18
333,Lucas Nogueira,TOR,6,11.3,2.3,2.8,0.824,0,0.2,0,0.2,0.2,1,0.2,0.5,0.5,1.8,2.3,0.5,0.7,0.3,4.8,0.26
334,Austin Rivers,LAC,20,24.6,3.2,7.7,0.416,0.6,2.8,0.218,1.1,1.9,0.605,1,2.1,0.5,1.4,1.9,1.2,0.8,0.2,8.2,0.35
335,Andre Roberson,OKC,19,23.5,1.8,4.4,0.422,0.5,1.9,0.278,0.4,0.7,0.571,0.6,2.1,0.9,2.6,3.6,0.7,0.8,0.5,4.6,0.20
336,Brian Roberts,CHA,8,8.9,1,3,0.333,0.1,0.4,0.333,0.2,0.4,0.667,0.1,0.4,0.1,1.1,1.2,1.2,0.2,0,2.4,0.36
337,Thomas Robinson,BRK,20,11.1,1.6,3,0.542,0,0,0,0.4,0.9,0.421,0.9,1.1,1.6,2.8,4.3,0.1,0.3,0.7,3.6,0.30
338,Nate Robinson,NOP,2,11.7,0,0.5,0,0,0.5,0,0,0,0,0,2.5,0,0,0,2,0.5,0,0,0.04
339,Glenn Robinson,IND,12,12.9,1.8,3.6,0.488,0.5,1.1,0.462,1,1.4,0.706,0.4,0.2,0.2,1.2,1.5,0.3,0.5,0.2,5,0.32
340,Rajon Rondo,SAC,22,35.2,5.3,12.1,0.438,0.9,2.4,0.365,0.8,1.8,0.425,3.5,2.2,1.4,5.4,6.8,10.9,1.9,0.1,12.3,0.37
341,Derrick Rose,CHI,15,33,5.5,15.5,0.352,0.6,2.5,0.237,2.1,2.8,0.762,2.4,1.5,0.3,3.2,3.5,6.1,0.5,0.3,13.7,0.51
342,Terrence Ross,TOR,15,16.7,1.9,5.6,0.333,0.9,3.1,0.298,0.5,0.5,1,0.7,1.7,0.3,1.7,1.9,0.6,0.6,0.3,5.2,0.35
343,Terry Rozier,BOS,13,7,0.8,3.2,0.268,0.2,0.8,0.2,0.1,0.1,1,0.6,0.7,0.5,0.5,0.9,0.6,0,0,1.9,0.46
344,Ricky Rubio,MIN,13,30.1,2.9,8.7,0.336,0.3,1.8,0.167,3.8,4.5,0.847,2.2,3,0.9,3.9,4.8,8.5,1.7,0.1,10,0.35
345,Damjan Rudez,MIN,8,8,0.9,1.6,0.538,0.6,1.4,0.455,0.2,0.2,1,0.4,0.9,0.1,0.6,0.8,0.5,0,0,2.6,0.21
346,Brandon Rush,GSW,14,12.1,1.4,3,0.452,1,1.9,0.519,0.4,0.6,0.625,0.6,0.4,0.4,2.4,2.7,0.7,0.2,0.1,4.1,0.27
347,D'Angelo Russell,LAL,20,27.7,4.5,10.8,0.412,1.3,4,0.321,0.8,1.1,0.762,2.2,1.8,0.8,3.8,4.7,3.1,1.1,0.2,11,0.41
348,Robert Sacre,LAL,2,8,1,3,0.333,0,0,0,0,0,0,0.5,1,0.5,2,2.5,0.5,0.5,0.5,2,0.38
349,JaKarr Sampson,PHI,21,15.3,2.2,4.4,0.495,0.2,0.7,0.286,1.6,2.3,0.708,1.2,2,0.7,2.3,3,0.4,0.3,0.2,6.2,0.35
350,Dennis Schroeder,ATL,22,21.9,3.9,9.9,0.396,1,3.4,0.293,1.3,1.6,0.806,1.9,1.4,0.4,2.2,2.6,4.4,1,0,10.1,0.48
351,Luis Scola,TOR,21,23.1,4.1,8.9,0.465,0.7,1.5,0.438,1,1.3,0.815,0.9,2.4,1.5,4.3,5.9,0.9,0.6,0.2,10,0.41
352,Mike Scott,ATL,20,11.6,2,4.3,0.46,0.5,1.4,0.321,0.9,1.1,0.818,0.7,0.9,0.6,1.4,1.9,1.2,0.1,0.1,5.3,0.41
353,Thabo Sefolosha,ATL,18,25.1,3.1,5.9,0.523,0.8,2,0.389,0.6,1.1,0.579,1.1,1.4,0.8,4.2,5.1,1.4,1.6,0.7,7.6,0.25
354,Kevin Seraphin,NYK,17,12.1,1.9,4.6,0.418,0,0,0,0.6,0.7,0.833,1.2,1.7,0.8,1.7,2.5,1.5,0.3,0.8,4.5,0.40
355,Ramon Sessions,WAS,18,18.5,2.6,5.9,0.434,0.4,1.4,0.32,2.6,3.5,0.746,1.1,1.7,0.2,1.9,2.1,2.3,1.2,0.1,8.2,0.40
356,Jonathon Simmons,SAS,7,11.6,1.7,3.1,0.545,0.1,0.9,0.167,1,1.3,0.778,1,1.1,0.1,1.1,1.3,1.1,0.4,0,4.6,0.31
357,Kyle Singler,OKC,16,12.1,0.8,3.2,0.235,0.4,1.9,0.2,0.3,0.6,0.5,0.8,2.2,0.3,1.4,1.7,0,0.6,0.2,2.2,0.29
358,Donald Sloan,BRK,4,7,0.2,1.5,0.167,0,0,0,0.5,0.5,1,0.5,0.2,0.2,0.2,0.5,0.5,0.5,0,1,0.24
359,Marcus Smart,BOS,9,29.1,3.1,9.3,0.333,1.1,4.7,0.238,2.4,3.6,0.688,1.7,3.1,0.9,2.9,3.8,3.3,1.8,0.3,9.8,0.37
360,Russ Smith,MEM,10,4,0.5,1.7,0.294,0.1,0.5,0.2,0.6,0.9,0.667,0.5,0.3,0.1,0.3,0.4,0.3,0.2,0,1.7,0.52
361,Josh Smith,LAC,20,15.3,1.9,5,0.386,0.5,1.9,0.263,0.9,1.6,0.594,1.4,2.1,1.1,3.2,4.3,1.6,0.4,1.2,5.3,0.37
362,Jason Smith,ORL,15,14.8,2.3,4.5,0.522,0.1,0.1,0.5,0.8,0.9,0.923,0.7,2.5,0.7,2.1,2.8,0.5,0.3,0.8,5.5,0.33
363,Ish Smith,NOP,19,28.5,4.6,11,0.416,0.5,1.6,0.323,1.4,1.8,0.743,2,1.8,0.7,3.5,4.2,7.4,1.2,0.3,11.1,0.41
364,J.R. Smith,CLE,17,32.2,4.2,11.2,0.377,2.2,6.1,0.359,0.7,1.3,0.545,1.2,3.4,0.8,2.4,3.2,2,0.8,0.6,11.4,0.36
365,Tony Snell,CHI,17,21.7,2,5.8,0.347,1.4,3.1,0.462,0.5,0.6,0.9,0.8,1.7,0.1,2.9,3.1,1,0.2,0.3,5.9,0.28
366,Marreese Speights,GSW,18,10.5,1.9,5.6,0.35,0.1,0.4,0.143,1.3,1.7,0.742,1.2,1.7,1,2.3,3.3,0.7,0.2,0.4,5.2,0.60
367,Tiago Splitter,ATL,14,17.3,2.3,4.7,0.485,0,0.1,0,1,1.2,0.824,0.9,2,1.3,2.4,3.7,0.7,0.5,0.3,5.6,0.30
368,Nik Stauskas,PHI,19,24.6,2.8,8.3,0.342,1.7,5.4,0.311,1.1,1.5,0.714,1.1,1.3,0.2,2.2,2.4,1.9,0.7,0.3,8.4,0.36
369,Lance Stephenson,LAC,19,19,2.1,4.8,0.429,0.6,1.4,0.407,0.7,1,0.684,1.3,1.7,0.7,2.5,3.2,1.8,0.6,0.1,5.4,0.27
370,Jarnell Stokes,MEM,2,2.2,0,0,0,0,0,0,0,0,0,0,0,0.5,0.5,1,0,0,0,0,0.00
371,Amar'e Stoudemire,MIA,2,10.1,2.5,3.5,0.714,0,0,0,1,1,1,0.5,1,1,1,2,0.5,0,0,6,0.39
372,Rodney Stuckey,IND,14,25,4.1,9.5,0.429,0.4,1.5,0.238,2.9,3.4,0.854,1.5,1.5,0.5,3,3.5,2.6,0.9,0.2,11.4,0.44
373,Jared Sullinger,BOS,20,25,4.2,9.6,0.445,0.7,2.1,0.31,1.1,1.7,0.676,1.3,2.5,2.9,6,8.9,2.5,1,0.9,10.3,0.41
374,Walter Tavares,ATL,3,1.6,0,0,0,0,0,0,0.3,0.7,0.5,0.3,0.3,0.3,0.3,0.7,0.3,0,0,0.3,0.18
375,Jeff Teague,ATL,19,30.1,5.7,13.3,0.427,1.2,3.2,0.377,3.9,4.7,0.843,2.8,2.2,0.6,2.2,2.7,6.4,1.3,0.4,16.5,0.51
376,Mirza Teletovic,PHX,21,16.9,2.7,6.6,0.413,2,4.6,0.443,0.4,0.6,0.75,0.5,1.1,0.6,2.3,2.9,1,0.4,0.3,7.9,0.41
377,Garrett Temple,WAS,16,16.8,1.4,4.4,0.324,0.6,2.3,0.243,1.3,1.9,0.677,0.5,1.5,0.4,1.9,2.3,0.9,0.8,0.1,4.8,0.31
378,Jason Terry,HOU,17,16.5,1.9,4.4,0.427,1.2,3.4,0.368,0.4,0.4,0.857,1,2,0.1,0.8,0.9,1.1,0.7,0.2,5.4,0.28
379,Lance Thomas,NYK,21,19.2,2.6,5.8,0.451,0.6,1.7,0.343,1.5,1.8,0.865,0.8,1.4,0.6,1,1.6,0.5,0.2,0,7.3,0.34
380,Isaiah Thomas,BOS,20,31.2,7.1,16.8,0.423,2.1,6.7,0.321,4.6,5.3,0.868,2.5,1.8,0.3,1.9,2.2,6.4,1.7,0,20.9,0.61
381,Tristan Thompson,CLE,20,27.6,3.1,5.8,0.548,0,0,0,1.2,2.5,0.51,0.9,2.8,2.9,7.2,10.1,0.9,0.5,0.6,7.5,0.25
382,Klay Thompson,GSW,21,31.5,6.3,13.9,0.454,2.8,6.6,0.42,1.9,2.2,0.848,1.9,2.2,0.3,3.1,3.4,2.3,0.5,0.9,17.2,0.47
383,Jason Thompson,GSW,11,5.8,0.7,1.7,0.421,0,0,0,0.1,0.2,0.5,0.4,1.1,0.5,1.5,2.1,0.6,0.2,0.3,1.5,0.31
384,Hollis Thompson,PHI,21,27.7,3.2,8.2,0.39,2,5,0.387,1,1.3,0.741,1.5,3,0.8,3.3,4.1,1.6,0.7,0.4,9.3,0.32
385,Marcus Thornton,HOU,19,21.2,4.1,9.8,0.412,1.6,4.8,0.341,0.4,0.5,0.8,0.7,1.4,0.9,2.1,3,1.4,0.8,0.1,10.2,0.47
386,Marcelinho Huertas,LAL,9,12.6,1.8,3.7,0.485,0.6,1.2,0.455,0.1,0.1,1,1.4,1.4,0.7,1.1,1.8,3,0.3,0.1,4.2,0.30
387,Anthony Tolliver,DET,20,20.7,1.6,4.7,0.333,1.2,3.6,0.333,0.3,0.7,0.462,0.2,1.4,0.7,3,3.6,0.7,0.5,0.3,4.6,0.24
388,Karl-Anthony Towns,MIN,19,27.7,6.1,11.8,0.518,0.2,0.6,0.333,2.2,2.6,0.837,2.1,2.9,2.3,7.1,9.3,0.9,0.7,2.2,14.6,0.47
389,P.J. Tucker,PHX,21,27.2,2.3,5.6,0.419,0.6,2.2,0.283,1,1.4,0.724,1.3,2.3,1.7,3.6,5.3,1.2,1,0.1,6.3,0.23
390,Myles Turner,IND,8,15.8,2.6,4.8,0.553,0,0,0,0.9,1.2,0.7,0.8,2,0.6,2.2,2.9,0.1,0.4,0.9,6.1,0.34
391,Evan Turner,BOS,20,26,3.8,9.2,0.413,0.2,1.6,0.156,1.4,1.7,0.794,1.9,1.5,0.6,3.8,4.4,3.5,1.1,0.4,9.2,0.38
392,Beno Udrih,MIA,13,12.4,1.8,4.1,0.453,0.3,0.9,0.333,0.2,0.2,1,1.1,1,0.2,0.8,1,2.5,0.2,0.1,4.2,0.34
393,Jonas Valanciunas,TOR,14,27.3,4.9,8.9,0.556,0,0,0,2.9,3.7,0.769,1.6,2.6,3,6.3,9.3,0.4,0.3,0.7,12.7,0.38
394,Anderson Varejao,CLE,17,8.9,0.9,1.9,0.455,0,0.1,0,0.5,0.6,0.727,0.4,0.8,0.7,2,2.7,0.4,0.2,0.1,2.2,0.24
395,Greivis Vasquez,MIL,16,22.6,2.4,6.9,0.342,0.8,3.3,0.245,1.4,1.6,0.88,1.9,2.1,0.2,2.1,2.3,4.4,0.4,0,6.9,0.34
396,Rashad Vaughn,MIL,14,8.1,1,2.9,0.341,0.6,1.5,0.381,0.1,0.1,1,0.5,0.8,0.2,0.6,0.9,0.1,0.2,0.2,2.7,0.36
397,Charlie Villanueva,DAL,19,12.5,2.6,6.1,0.422,0.9,3.3,0.274,0.3,0.4,0.857,0.6,1.5,0.4,2.6,3,0.4,0.2,0.4,6.4,0.50
398,Noah Vonleh,POR,21,14.2,1.2,3,0.397,0.1,0.5,0.182,0.4,0.6,0.75,0.8,1.8,0.7,2.3,3,0.3,0.1,0.3,2.9,0.23
399,Nikola Vucevic,ORL,17,29.5,6.9,14,0.496,0,0.1,0,1.2,1.4,0.833,1.8,2.8,3.3,5.4,8.7,2.3,0.8,1.2,15.1,0.49
400,Sasha Vujacic,NYK,14,15.8,1.3,4.9,0.261,0.4,2.4,0.147,0.3,0.4,0.8,0.9,1.3,0.6,2.1,2.8,1.4,0.6,0.1,3.2,0.32
#,Player,Team,GP,MPG,FGM,FGA,FG%,3:00 pm,3PA,3P%,FTM,FTA,FT%,TOV,PF,ORB,DRB,RPG,APG,SPG,BPG,PPG,#VALUE!
401,Dwyane Wade,MIA,17,29.7,7.1,16.3,0.437,0.4,1.3,0.273,4.1,5.1,0.793,2.3,1.6,1,2.5,3.5,4.3,1.3,0.5,18.6,0.62
402,Dion Waiters,OKC,20,28,3.9,9.9,0.394,1.1,2.9,0.368,1.9,2.2,0.841,1.6,2.1,0.6,3,3.5,2,1.1,0.1,10.7,0.39
403,Kemba Walker,CHA,19,34.4,6.4,14.4,0.442,1.5,4.2,0.367,3.3,4.2,0.797,2,1.3,0.7,2.9,3.7,4.8,1.8,0.8,17.6,0.47
404,John Wall,WAS,18,34.2,6.8,15.7,0.431,1.4,4.3,0.325,3.9,5.2,0.755,4.4,2.3,0.7,3.1,3.8,8.2,2.4,0.8,18.9,0.52
405,T.J. Warren,PHX,20,22.1,5.2,9.6,0.542,0.5,1.2,0.417,1,1.3,0.769,0.8,2,1.3,2,3.4,0.7,0.7,0.2,11.9,0.46
406,C.J. Watson,ORL,8,19.6,1.8,4.8,0.368,0.6,2,0.312,0.6,0.9,0.714,0.8,1.2,0.5,1.5,2,3.2,1,0,4.8,0.26
407,Sonny Weems,PHX,10,8.5,0.3,1.4,0.214,0,0.4,0,0.3,0.5,0.6,1,0.5,0.1,1.5,1.6,1,0.3,0,0.9,0.19
408,David West,SAS,21,15,2.3,4.3,0.527,0,0.1,0.5,0.6,0.9,0.684,1.1,1.7,0.7,2.9,3.6,1.6,0.5,0.4,5.2,0.31
409,Russell Westbrook,OKC,20,34.7,9.3,19.8,0.47,1.5,5,0.3,7,8.2,0.842,5.2,2.4,1.9,5.6,7.5,9.7,2.4,0.3,27.1,0.67
410,Hassan Whiteside,MIA,18,28.7,5.3,8.9,0.6,0,0,0,2.3,4.4,0.532,1.9,2.2,2.9,8,10.9,0.2,0.7,4.6,13,0.37
411,Shayne Whittington,IND,1,1.9,0,0,0,0,0,0,0,0,0,2,1,0,0,0,0,0,0,0,0.00
412,Andrew Wiggins,MIN,18,35.5,7.6,17.3,0.436,0.8,2.8,0.28,5.9,7.9,0.746,2.2,2,1.7,2.1,3.8,1.8,0.7,0.7,21.8,0.58
413,C.J. Wilcox,LAC,1,0,0,0,0,0,0,0,0,0,0,0,1,0,0,0,0,0,0,0,#DIV/0!
414,Mo Williams,CLE,17,28.6,5.4,11.1,0.484,1.4,3.9,0.358,1.5,1.6,0.893,2.1,2.2,0.2,2.6,2.8,4.2,0.5,0.2,13.6,0.41
415,Marvin Williams,CHA,19,31.7,3.6,8.3,0.43,1.6,4.3,0.37,1.2,1.4,0.885,0.8,1.7,1.6,5.4,7.1,1.5,0.7,1.2,9.9,0.28
416,Lou Williams,LAL,18,25.8,3.5,9.5,0.368,1.2,4.1,0.297,4.7,5.7,0.816,1.4,2.1,0.2,1.8,2,2.3,1.1,0.2,12.9,0.46
417,Derrick Williams,NYK,20,13.1,2.3,5.7,0.407,0.5,1.6,0.273,2.3,3.1,0.742,0.6,0.8,0.5,1.8,2.3,0.7,0.5,0.2,7.3,0.53
418,Deron Williams,DAL,20,33.2,5.2,12.2,0.422,1.6,4.2,0.369,3.1,3.3,0.939,2.1,2.5,0.1,3,3.1,6,1.4,0.3,14.9,0.41
419,Justise Winslow,MIA,18,28.5,2.6,5.8,0.438,0.4,1.6,0.241,1.1,1.8,0.594,1.6,2.9,0.9,4.1,5.1,1.6,0.6,0.2,6.6,0.23
420,Jeff Withey,UTA,10,8.4,0.9,1.7,0.529,0,0,0,0.2,0.6,0.333,0.5,1,0.9,1.2,2.1,0.1,0.4,1,2,0.23
421,Christian Wood,PHI,12,8.6,1.3,3.2,0.421,0.2,0.6,0.429,0.8,1.1,0.692,0.2,0.8,0.8,1.6,2.4,0.2,0.3,0.4,3.7,0.43
422,Delon Wright,TOR,4,2.5,0,1,0,0,0.2,0,0,0,0,0.2,0.2,0.2,0.8,1,0,0,0,0,0.40
423,Brandan Wright,MEM,7,17.1,2.6,4.3,0.6,0,0,0,1.4,2.6,0.556,0.6,1.3,0.9,2.6,3.4,0.6,0.1,1.4,6.6,0.32
424,Tony Wroten,PHI,1,13,2,7,0.286,0,0,0,0,0,0,5,2,0,0,0,3,0,0,4,0.54
425,Thaddeus Young,BRK,20,31.9,7.3,14.1,0.52,0.1,0.6,0.091,1.2,2.1,0.581,1.7,2.4,2.6,6.3,8.9,1.4,1.4,0.4,15.9,0.47
426,Nick Young,LAL,18,19.1,3.1,7.6,0.401,1.9,4.9,0.398,0.9,1.1,0.85,0.6,1.2,0.2,1.5,1.7,0.6,0.6,0.2,9,
427,Joe Young,IND,7,5.8,0.3,2,0.143,0,0.6,0,0.7,0.9,0.833,0.4,0.3,0,0.4,0.4,0.6,0.3,0,1.3,
428,James Young,BOS,4,2.3,0.2,0.5,0.5,0.2,0.5,0.5,0.2,0.5,0.5,0,0.2,0,0,0,0,0.2,0,1,
429,Tyler Zeller,BOS,14,8.1,1.6,3.1,0.512,0,0,0,1.3,1.6,0.783,0.6,1.4,0.4,1.2,1.6,0.4,0.1,0.1,4.4,
430,Cody Zeller,CHA,17,21.3,2.5,5.3,0.467,0,0.5,0,2.4,3.5,0.695,0.8,2.5,1.5,3.5,5.1,0.8,0.7,0.5,7.4,
